<?xml version="1.0" encoding='UTF-8'?>
<pluginEntries>
<!-- All plugin data goes here. Add new entry for each URL/PLugin mapping -->
<method method_type="GET">
  	<baseURL base="/ws/testplugin">
  		<URL _url=""></URL>
  		<pluginPath path="$LIB/libtestplugin.so"></pluginPath>
  	</baseURL>
  	<baseURL base="/ws/pim">
  		<URL _url="/contacts/"> </URL>
  		<URL _url="/contacts"> </URL>
  		<URL _url="/capabilities"> </URL>
  		<URL _url="/accounts"> </URL>
  		<pluginPath path="$LIB/libphonebookplugin.so"></pluginPath>
  	</baseURL>  	
  	<baseURL base="/ws/mm">
   		<URL _url="/img/thumbnail" _needsBuffer="1"> </URL>
   		<URL _url="/img" _needsBuffer="1"> </URL>
   		<URL _url=""> </URL>
  		<pluginPath path="$LIB/libimagingplugin.so"></pluginPath>
  	</baseURL>
	<baseURL base="/ws/telephony">
  		<URL _url="/calls/"></URL>
        <URL _url="/log"></URL>
  		<URL _url="/capabilities"></URL>
  		<pluginPath path="$LIB/libtelephonyplugin.so"></pluginPath>
	</baseURL>	  	
	<baseURL base="/ws/msgqueue/1.0">
  		<URL _url=""></URL>
  		<pluginPath path="$LIB/libmsgqueueplugin.so"></pluginPath>
	</baseURL>
	<baseURL base="/ws/system">
		<URL _url="/state"></URL>
		<URL _url="/homescreen"></URL>
		<URL _url="/filesystem"></URL>
		<URL _url="/contentlock"></URL>		
  		<pluginPath path="$LIB/libsystemstateplugin.so"></pluginPath>
  	</baseURL> 
	<baseURL base="/ws/messaging">
  		<URL _url=""></URL>
  		<pluginPath path="$LIB/libmessagingplugin.so"></pluginPath>
	</baseURL>	
	<baseURL base="/ws/browser/bookmarks">
 		<URL _url=""></URL>
 		<pluginPath path="$LIB/libbrowserplugin.so"></pluginPath>
	</baseURL>
	<baseURL base="/ws/browser/history">
 		<URL _url=""></URL>
 		<pluginPath path="$LIB/libbrowserplugin.so"></pluginPath>
	</baseURL>		
	<baseURL base="/ws/sound">
  		<URL _url=""></URL>
  		<pluginPath path="$LIB/libsoundplugin.so"></pluginPath>
	</baseURL>
	<baseURL base="/ws/content">
 		<URL _url="/files/" _needsBuffer="1"></URL>
 		<URL _url=""></URL>
 		<pluginPath path="$LIB/libcontentplugin.so"></pluginPath>
	</baseURL>	

</method>
<method method_type="POST">
  	<baseURL base="/ws/testplugin">
  		<URL _url=""></URL>
  		<pluginPath path="$LIB/libtestplugin.so"></pluginPath>
  	</baseURL>
	<baseURL base="/ws/pim">
  		<URL _url="/contacts"></URL>
  		<pluginPath path="$LIB/libphonebookplugin.so"></pluginPath>
	</baseURL>
	<baseURL base="/ws/telephony">
  		<URL _url="/calls"></URL>
  		<pluginPath path="$LIB/libtelephonyplugin.so"></pluginPath>
	</baseURL>	
	<baseURL base="/ws/messaging">
  		<URL _url=""></URL>
  		<pluginPath path="$LIB/libmessagingplugin.so"></pluginPath>
	</baseURL>	
	<baseURL base="/ws/browser/bookmarks">
 		<URL _url=""></URL>
 		<pluginPath path="$LIB/libbrowserplugin.so"></pluginPath>
	</baseURL>	
	<baseURL base="/ws/sound">
   		<URL _url="/ringtones" _needsBuffer="1"> </URL>
  		<URL _url=""></URL>
  		<pluginPath path="$LIB/libsoundplugin.so"></pluginPath>
	</baseURL>
	<baseURL base="/ws/content">
 		<URL _url="/files/" _needsBuffer="1"></URL>
 		<URL _url=""></URL>
 		<pluginPath path="$LIB/libcontentplugin.so"></pluginPath>
	</baseURL>
		
</method>
<method method_type="PUT">
	<baseURL base="/ws/pim">
  		<URL _url="/contacts/"></URL>
  		<pluginPath path="$LIB/libphonebookplugin.so"></pluginPath>
	</baseURL>
	<baseURL base="/ws/msgqueue/1.0">
  		<URL _url="" _needsBuffer="1" _bufferId="msgqWrite"></URL>
  		<pluginPath path="$LIB/libmsgqueueplugin.so"></pluginPath>
	</baseURL>		
	<baseURL base="/ws/messaging">
  		<URL _url=""></URL>
  		<pluginPath path="$LIB/libmessagingplugin.so"></pluginPath>
	</baseURL>	
	<baseURL base="/ws/browser/bookmarks">
 		<URL _url=""></URL>
 		<pluginPath path="$LIB/libbrowserplugin.so"></pluginPath>
	</baseURL>	
	<baseURL base="/ws/sound/ringtones/">
  		<URL _url=""></URL>
  		<pluginPath path="$LIB/libsoundplugin.so"></pluginPath>
  	</baseURL>
  		<baseURL base="/ws/system">
  		<URL _url="/state/peripherals"></URL>
  		<URL _url="/homescreen"></URL>
  		<pluginPath path="$LIB/libsystemstateplugin.so"></pluginPath>
  	</baseURL> 
  	<baseURL base="/ws/content/">
 		<URL _url="" _needsBuffer="1"></URL>
 		<pluginPath path="$LIB/libcontentplugin.so"></pluginPath>
	</baseURL>		
  	
</method>
<method method_type="DELETE">
	<baseURL base="/ws/pim">
  		<URL _url="/contacts/"></URL>
  		<pluginPath path="$LIB/libphonebookplugin.so"></pluginPath>
	</baseURL>
	<baseURL base="/ws/telephony">
  		<URL _url="/calls/"></URL>
  		<URL _url="/log/"></URL>
  		<pluginPath path="$LIB/libtelephonyplugin.so"></pluginPath>
	</baseURL>		
	<baseURL base="/ws/msgqueue/1.0">
  		<URL _url="" _needsBuffer="1" _bufferId="msgqWrite"></URL>
  		<pluginPath path="$LIB/libmsgqueueplugin.so"></pluginPath>
	</baseURL>	
	<baseURL base="/ws/messaging/">
  		<URL _url=""></URL>
  		<pluginPath path="$LIB/libmessagingplugin.so"></pluginPath>
	</baseURL>	
	<baseURL base="/ws/browser/bookmarks">
 		<URL _url=""></URL>
 		<pluginPath path="$LIB/libbrowserplugin.so"></pluginPath>
	</baseURL>
	<baseURL base="/ws/browser/history">
 		<URL _url=""></URL>
 		<pluginPath path="$LIB/libbrowserplugin.so"></pluginPath>
	</baseURL>		
	<baseURL base="/ws/sound/ringtones/">
  		<URL _url=""></URL>
  		<pluginPath path="$LIB/libsoundplugin.so"></pluginPath>
	</baseURL>	
  	<baseURL base="/ws/content/">
 		<URL _url="" _needsBuffer="1"></URL>
 		<pluginPath path="$LIB/libcontentplugin.so"></pluginPath>
	</baseURL>		
</method>
</pluginEntries>
